Question,CoT,Response
Who are the housemates of PBB Celebrity Collab Edition?,"To answer this, I analyze official cast announcements from ABS-CBN and GMA, since this edition is a crossover. The collaboration brought in talents from Star Magic and Sparkle GMA. Understanding the partnership helps interpret the diverse cast.","The housemates include Ashley Ortega, AZ Martinez, Will Ashley, Josh Ford, Charlie Fleming, Dustin Yu, Mika Salamanca, Michael Sager (GMA), and AC Bonifacio, Esnyr Ranollo, Brent Manalo, Klarisse De Guzman, River Joseph, Ralph De Leon, Kira Balinger (ABS-CBN), plus Shuvee Etrata and Xyriel Manabat."
What is the significance of the ABS-CBN and GMA collaboration in this edition?,"These networks have historically been competitors. The collaboration marks a turning point in Philippine media, symbolizing unity and shared content strategies. Analyzing industry history reveals why this joint effort is noteworthy.","It represents a historic partnership between rival networks, promoting unity and wider talent exposure in Philippine entertainment."
How might fame level differences influence dynamics inside the house?,"Fame influences group status, visibility, and audience perception. Highly recognizable housemates may be given more leadership, while lesser-known ones must assert their presence through action or personality.","Fame level can affect group hierarchy, with more famous housemates often influencing decisions, while lesser-known ones may feel pressure to prove themselves."
"How do housemates form alliances, and what factors influence trust?","In social environments like PBB, alliances often form based on shared tasks, background, emotional bonding, or strategic benefits. Trust is influenced by behavior under pressure, perceived loyalty, and communication.","Housemates form alliances based on shared experiences, perceived loyalty, and trust built through consistent support in tasks and emotional interactions."
What role does emotional vulnerability play in audience support?,"Viewers often empathize with housemates who open up emotionally, making them seem authentic and relatable. This parasocial bond can override strategic gameplay in terms of popularity.","Emotional vulnerability boosts relatability, helping housemates earn audience sympathy and public votes."
How is cultural identity reflected in the housemates’ behavior and values?,"Filipino cultural values like “pakikisama,” family loyalty, and respect often emerge in interactions, especially in conflict resolution and decision-making. Cultural context shapes moral reasoning in the house.","Filipino values like group harmony, family importance, and respect influence housemates’ decisions, forming a cultural lens for behavior inside the house."
How might editing influence public perception of a housemate’s personality?,"Editing can emphasize or omit traits, shaping narratives around certain housemates. Producers may spotlight conflict or compassion to influence audience opinion.","Editing creates curated portrayals that can emphasize positive or negative traits, deeply affecting how viewers perceive each housemate."
What behaviors tend to trigger eviction nominations among housemates?,"Nominations often stem from conflict, perceived laziness, poor task performance, or lack of trust. Social compatibility and contribution are major factors.","Housemates are typically nominated for eviction due to conflict, poor performance, or social incompatibility with the group."
How do team tasks affect relationships among celebrity and non-celebrity housemates?,"Tasks requiring collaboration test patience, leadership, and cooperation. Status differences may cause tension, but successful teamwork often builds trust and breaks barriers.","Collaborative tasks foster bonding but can also expose power imbalances, with successful cooperation enhancing mutual respect across fame levels."
What social strategies help housemates gain public favor without dominating airtime?,"Subtle strategies include emotional authenticity, consistent helpfulness, and staying away from drama while still contributing meaningfully. These traits may resonate more over time.","Strategies like quiet empathy, teamwork, and conflict avoidance can win public favor even without frequent airtime."
